{
  "npmScope": "ang-pokemon-mfe",
  "affected": {
    "defaultBase": "master"
  },
  "implicitDependencies": {
    "package.json": {
      "dependencies": "*",
      "devDependencies": "*"
    },
    ".eslintrc.json": "*"
  },
  "tasksRunnerOptions": {
    "default": {
      "runner": "@nrwl/workspace/tasks-runners/default",
      "options": {
        "cacheableOperations": ["build", "lint", "test", "e2e"]
      }
    }
  },
  "targetDependencies": {
    "build": [
      {
        "target": "build",
        "projects": "dependencies"
      }
    ]
  },
  "projects": {
    "home": {
      "tags": []
    },
    "home-e2e": {
      "tags": [],
      "implicitDependencies": ["home"]
    },
    "search": {
      "tags": []
    },
    "search-e2e": {
      "tags": [],
      "implicitDependencies": ["search"]
    }
  }
}
